name,price,drinks_no,volume,alcohol_content,dollars_per_standard,alc_type
BAVARIA HOLLAND 8.6 4 PACK CANS 500ML,15.99,4,500,3.99,2.54,beer
HOLLANDIA BEER 6 PACK CANS 330ML,12.99,6,330,3.99,2.08,beer
FLAME 15 PACK 330ML,27.99,15,330,5.2,1.38,beer
HEINEKEN 15 PACK BOTTLES 330ML,29.99,15,330,5.0,1.54,beer
STEINLAGER CLASSIC 18 PACK CAN 330ML,34.99,18,330,3.99,1.87,beer
KINGFISHER 12 PACK BOTTLES 330ML,24.99,12,330,5.0,1.6,beer
HEINEKEN 24 PACK CANS 330ML,44.99,24,330,5.0,1.44,beer
SPEIGHTS 24 PACK 330ML,39.99,24,330,4.0,1.6,beer
STEINLAGER PURE 24 PACK BOTTLES 330ML,49.99,24,330,5.0,1.6,beer
RANFURLY DRAUGHT 18 PACK CANS 440ML,32.99,18,440,4.0,1.32,beer
DB DRAUGHT 24 PACK 330ML,39.99,24,330,4.0,1.6,beer
EXPORT GOLD 24 PACK 330ML,39.99,24,330,4.0,1.6,beer
VICTORIA BITTER 6 PACK 375ML,14.99,6,375,4.6,1.84,beer
STEINLAGER CLASSIC 24 PACK BOTTLES 330ML,41.99,24,330,5.0,1.34,beer
STEINLAGER LIGHT 12 PACK 330ML,27.99,12,330,3.99,2.24,beer
TIGER 12 PACK BOTTLES 330ML,24.99,12,330,5.0,1.6,beer
SOL MEXICAN LAGER 12 PACK BOTTLES 330ML,24.99,12,330,4.5,1.78,beer
TUI 24 PACK 330ML,39.99,24,330,4.0,1.6,beer
STELLA ARTOIS 24 PACK BOTTLES 330ML,46.99,24,330,5.0,1.5,beer
STEINLAGER ULTRA LOW CARB 12 PACK 330ML,24.99,12,330,3.99,2.0,beer
TIGER CRYSTAL ULTRA LOW CARB 12 PACK 330ML,24.99,12,330,3.99,2.0,beer
NZ LAGER 18 PACK CANS 330ML,32.99,18,330,5.0,1.41,beer
MCCASHINS FIRST LIGHT LOW CARB BEER 10 PACK CAN 330ML,14.99,10,330,3.99,1.44,beer
HAAGEN LAGER 24 PACK 330ML,44.99,24,330,4.0,1.8,beer
CORONA EXTRA 18 PACK BOTTLES 355ML,49.99,18,355,4.6,2.15,beer
KINGFISHER STRONG CAN 500ML,4.99,1,500,7.2,1.76,beer
STELLA ARTOIS CAN 500ML,4.99,1,500,3.99,3.17,beer
CORONA EXTRA 6 PACK BOTTLES 355ML,21.99,6,355,4.6,2.84,beer
HEINEKEN 6 PACK BOTTLES 330ML,18.99,6,330,5.0,2.43,beer
HEINEKEN 12 PACK BOTTLES 330ML,36.99,12,330,5.0,2.37,beer
HAAGEN LAGER 15 PACK 330ML,29.99,15,330,4.0,1.92,beer
SAPPORO DRAFT CAN 650ML,7.99,1,650,4.9,3.18,beer
STEINLAGER CLASSIC 750ML,6.99,1,750,5.0,2.36,beer
TUI 15 PACK 330ML,31.99,15,330,4.0,2.05,beer
DB DRAUGHT 15 PACK 330ML,31.99,15,330,4.0,2.05,beer
LION BROWN 18 PACK CANS 330ML,30.99,18,330,4.0,1.65,beer
HEINEKEN 0.0% 12 PACK 330ML,31.99,12,330,3.99,2.57,beer
SPEIGHTS SUMMIT ULTRA LOW CARB 12 PACK 330ML,26.99,12,330,4.2,2.06,beer
STELLA ARTOIS 12 PACK BOTTLES 330ML,29.99,12,330,3.99,2.4,beer
CARLSBERG ELEPHANT CAN 500ML,5.49,1,500,7.2,1.93,beer
PURE BLONDE ULTRA LOW CARB 12 PACK 355ML,29.99,12,355,80.0,0.11,beer
SPEIGHTS SUMMIT ULTRA LOW CARB 12 PACK CANS 330ML,26.99,12,330,3.99,2.16,beer
SPEIGHTS SUMMIT ULTRA LAGER LIME 12 PACK 330ML,26.99,12,330,3.99,2.16,beer
CARLSBERG ELEPHANT STRONG BEER 6 PACK CAN 330ML,21.99,6,330,3.99,3.53,beer
CORONA EXTRA 450ML,3.99,1,450,3.99,2.82,beer
BAVARIA HOLLAND 6 PACK CANS 440ML,14.99,6,440,3.99,1.8,beer
BAVARIA HOLLAND 660ML,4.99,1,660,3.99,2.4,beer
HOLLANDIA BEER 650ML,4.99,1,650,3.99,2.44,beer
GUINNESS 6 PACK CANS 440ML,31.99,6,440,4.1,3.74,beer
EXPORT CITRUS LEMON 2% 12 PACK 330ML,26.99,12,330,2.0,4.32,beer
HAAGEN LAGER 6 PACK CANS 440ML,17.99,6,440,4.0,2.16,beer
DB DOUBLE BROWN 18 PACK CANS 330ML,28.99,18,330,4.0,1.55,beer
EXPORT GOLD 15 PACK 330ML,31.99,15,330,4.0,2.05,beer
CARLSBERG PILSNER 6 PACK CANS 440ML,21.99,6,440,4.6,2.29,beer
TUI STRONG CAN 500ML,4.99,1,500,3.99,3.17,beer
ASAHI SUPER DRY 6 PACK CANS 500ML,29.99,6,500,3.99,3.17,beer
ASAHI SUPER DRY CAN 500ML,4.99,1,500,3.99,3.17,beer
STEINLAGER CLASSIC 15 PACK BOTTLES 330ML,32.99,15,330,5.0,1.69,beer
ESTRELLA DAMM LAGER 12 PACK BOTTLES 330ML,27.99,12,330,3.99,2.24,beer
CARLSBERG PILSNER 15 PACK 330ML,34.99,15,330,4.6,1.95,beer
SPEIGHTS 6 PACK CANS 440ML,16.99,6,440,3.99,2.04,beer
EXPORT 33 24 PACK 330ML,51.99,24,330,3.99,2.08,beer
HAAGEN STRONG CAN 500ML,4.99,1,500,3.99,3.17,beer
HEINEKEN CAN 500ML,4.99,1,500,5.0,2.53,beer
ASAHI SUPER DRY 12 PACK 330ML,32.99,12,330,5.0,2.11,beer
MARTELL VS COGNAC 700ML,69.99,1,700,30.99,4.09,spirits
HENNESSY VSOP COGNAC 700ML,104.99,1,700,30.99,6.13,spirits
HENDRICKS GIN 700ML,82.99,1,700,30.99,4.85,spirits
SAILOR JERRY SPICED RUM 700ML,56.99,1,700,30.99,3.33,spirits
ABSOLUT VODKA PEARS 700ML,44.99,1,700,30.99,2.63,spirits
WILD TURKEY RYE 81 PROOF 700ML,67.99,1,700,30.99,3.97,spirits
CHEEKY HARD ICED TEA PEACH VODKA 5% 10 PACK CAN 330ML,29.99,10,330,1.0,11.51,ready-to-drink
BLACK HEART & COLA 7% 12 PACK CANS 250ML,28.99,12,250,7.0,1.75,ready-to-drink
JACK DANIELS DOUBLE JACK 6.9% 4 PACK CAN 375ML,17.99,4,375,6.9,2.2,ready-to-drink
WOODSTOCK & COLA 7% 18 PACK CANS 250ML,42.99,18,250,7.0,1.73,ready-to-drink
CANADIAN CLUB & DRY 4.8% 10 PACK BOTTLES 330ML,29.99,10,330,4.8,2.4,ready-to-drink
WILD MOOSE & DRY 5% 12 PACK BOTTLES 330ML,28.99,12,330,5.0,1.86,ready-to-drink
CRUISER BLACKCURRANT & APPLE 4.8% 12 PACK BOTTLES 275ML,28.99,12,275,4.8,2.32,ready-to-drink
TUI BOURBON & COLA 7% 12 PACK CANS 250ML,27.99,12,250,7.0,1.69,ready-to-drink
CHEEKY HARD ICED TEA PASSIONFRUIT 5% 10 PACK CAN 330ML,29.99,10,330,5.0,2.3,ready-to-drink
CRUISER MANGO RASPBERRY 4.8% 12 PACK BOTTLES 275ML,28.99,12,275,4.8,2.32,ready-to-drink
JIM BEAM GOLD & COLA 7% 6 PACK CANS 330ML,19.99,6,330,7.0,1.83,ready-to-drink
WOODSTOCK & COLA 4.8% 18 PACK BOTTLES 330ML,42.99,18,330,4.8,1.91,ready-to-drink
CRUISER COOL LIME 4.8% 12 PACK BOTTLES 275ML,28.99,12,275,4.8,2.32,ready-to-drink
CRUISER BLACKCURRANT & APPLE 4.8% 12 PACK BOTTLES 275ML,28.99,12,275,4.8,2.32,ready-to-drink
TUI BOURBON & COLA 7% 12 PACK CANS 250ML,27.99,12,250,7.0,1.69,ready-to-drink
CRUISER MANGO RASPBERRY 4.8% 12 PACK BOTTLES 275ML,28.99,12,275,4.8,2.32,ready-to-drink
